cd_qualificacao_socio;ds_qualificacao_socio
22;Sócio
49;Sócio-Administrador
16;Presidente
5;Administrador
65;Titular Pessoa Física Residente ou Domiciliado no Brasil
31;Sócio Ostensivo
10;Diretor
8;Conselheiro de Administração
30;Sócio Menor (Assistido/Representado)
20;Sociedade Consorciada
52;Sócio com Capital
28;Sócio-Gerente
38;Sócio Pessoa Física Residente no Exterior
37;Sócio Pessoa Jurídica Domiciliado no Exterior
54;Fundador
68;Titular Pessoa Física Menor (Assistido/Representado)
63;Cotas em Tesouraria
24;Sócio Comanditado
25;Sócio Comanditário
18;Descrição do código não informada.
33;Descrição do código não informada.
53;Sócio sem Capital
29;Sócio Incapaz ou Relat.Incapaz (exceto menor)
59;Produtor Rural
66;Titular Pessoa Física Residente ou Domiciliado no Exterior
23;Sócio Capitalista
21;Sociedade Filiada
26;Sócio de Indústria
17;Procurador
0;Descrição do código não informada.
9;Descrição do código não informada.
13;Descrição do código não informada.
15;Descrição do código não informada.
14;Descrição do código não informada.
57;Sócio Comanditário Pessoa Jurídica Domiciliado no Exterior
67;Titular Pessoa Física Incapaz ou Relativamente Incapaz (exceto menor)
48;Sócio Pessoa Jurídica Domiciliado no Brasil
64;Descrição do código não informada.
47;Sócio Pessoa Física Residente no Brasil
